date,aqi_avg,aqi_max,pm2_5_avg
2025-01-01,41.0,51,6.69
2025-01-02,24.0,30,2.39
2025-01-03,21.0,25,5.53
2025-01-04,30.0,36,3.51
2025-01-05,31.0,33,4.64
2025-01-06,33.0,44,10.17
2025-01-07,34.0,42,3.2
2025-01-08,31.0,35,2.11
2025-01-09,32.0,33,2.29
2025-01-10,33.0,37,5.38
2025-01-11,49.0,58,13.72
2025-01-12,37.0,56,16.95
2025-01-13,88.0,102,27.87
2025-01-14,51.0,84,5.5
2025-01-15,28.0,32,5.02
2025-01-16,38.0,57,16.16
2025-01-17,67.0,70,21.4
2025-01-18,69.0,76,24.59
2025-01-19,71.0,77,12.65
2025-01-20,35.0,51,6.52
2025-01-21,36.0,49,11.91
2025-01-22,55.0,64,19.6
2025-01-23,88.0,99,34.23
2025-01-24,86.0,97,21.9
2025-01-25,73.0,79,26.45
2025-01-26,74.0,82,16.98
2025-01-27,55.0,61,15.87
2025-01-28,60.0,62,17.33
2025-01-29,62.0,66,13.42
2025-01-30,36.0,53,7.44
2025-01-31,48.0,62,17.43
2025-11-01,33.0,36,6.52
2025-11-02,48.0,58,15.1
2025-11-03,57.0,60,14.25
2025-11-04,38.0,55,4.17
2025-11-05,30.0,39,8.8
2025-11-06,30.0,37,3.41
2025-11-07,45.0,55,13.28
2025-11-08,39.0,53,14.55
2025-11-09,65.0,69,18.21
2025-11-10,61.0,64,13.11
2025-11-11,34.0,52,3.31
2025-11-12,28.0,42,10.54
2025-11-13,41.0,48,6.63
2025-11-14,26.0,29,6.56
2025-11-15,40.0,49,11.09
2025-11-16,40.0,48,5.51
2025-11-17,28.0,29,4.6
2025-11-18,23.0,27,5.56
2025-11-19,48.0,70,22.32
2025-11-20,73.0,76,22.39
2025-11-21,81.0,86,26.45
2025-11-22,76.0,84,17.23
2025-11-23,55.0,62,17.82
2025-11-24,52.0,63,14.46
2025-11-25,68.0,74,16.3
2025-11-26,49.0,59,14.68
2025-11-27,46.0,56,5.73
2025-11-28,26.0,32,3.94
2025-11-29,32.0,37,9.25
2025-11-30,58.0,65,15.94
2025-12-01,40.0,58,7.17
2025-12-02,57.0,71,19.63
2025-12-03,45.0,66,9.63
2025-12-04,56.0,63,11.62
2025-12-05,32.0,48,7.41
2025-12-06,56.0,70,21.65
2025-12-07,68.0,71,19.46
2025-12-08,54.0,67,6.91
2025-12-09,29.0,38,9.08
2025-12-10,44.0,49,11.84
2025-12-11,39.0,50,4.57
2025-12-12,29.0,30,5.35
2025-12-13,48.0,66,20.4
2025-12-14,77.0,85,19.66
2025-12-15,39.0,66,6.3
2025-12-16,49.0,71,22.94
2025-12-17,79.0,83,21.79
2025-12-18,69.0,72,20.99
2025-12-19,53.0,69,6.4
2025-12-20,26.0,35,8.73
2025-12-21,37.0,41,5.86
2025-12-22,25.0,31,7.65
2025-12-23,49.0,62,17.88
2025-12-24,57.0,65,10.91
2025-12-25,59.0,67,16.59
2025-12-26,34.0,60,6.18
2025-12-27,36.0,50,12.98
2025-12-28,67.0,77,23.61
2025-12-29,61.0,75,9.76
2025-12-30,33.0,41,2.83
2025-12-31,28.0,31,5.99
2026-01-01,39.0,43,9.58
2026-01-02,38.0,41,9.64
2026-01-03,37.0,43,10.93
2026-01-04,58.0,62,15.98
2026-01-05,55.0,58,14.49
2026-01-06,73.0,94,33.11
2026-01-07,85.0,98,17.24
2026-01-08,54.0,69,23.0
2026-01-09,86.0,93,19.91
2026-01-10,45.0,67,8.52
2026-01-11,31.0,35,6.07
2026-01-12,26.0,29,5.49
2026-01-13,40.0,49,11.03
2026-01-14,45.0,56,14.95
2026-01-15,58.0,64,11.07
2026-01-16,32.0,46,7.08
2026-01-17,43.0,54,14.16
2026-01-18,79.0,95,31.89
2026-01-19,69.0,92,14.04
2026-01-20,48.0,55,9.09
2026-01-21,52.0,59,14.7
2026-01-22,41.0,56,9.52
2026-01-23,39.0,42,6.69
2026-01-24,29.0,31,4.99
2026-01-25,27.0,30,7.1
2026-01-26,28.0,30,7.13
2026-01-27,33.0,47,11.59
2026-01-28,55.0,59,16.55
2026-01-29,59.0,60,14.78
2026-01-30,46.0,56,6.72
2026-01-31,36.0,53,13.38
2026-02-01,46.0,53,7.14
2026-02-02,34.0,43,10.65
2026-02-03,61.0,80,26.87
2026-02-04,91.0,99,26.98
2026-02-05,66.0,82,26.95
2026-02-06,101.0,110,35.47
2026-02-07,88.0,100,15.42
2026-02-08,34.0,57,6.48
2026-02-09,33.0,50,12.97
2026-02-10,76.0,94,31.75
2026-02-11,84.0,93,18.32
2026-02-12,40.0,63,4.55
2026-02-13,36.0,55,15.62
2026-02-14,82.0,114,43.32
2026-02-15,141.0,151,40.48
2026-02-16,72.0,112,20.3
2026-02-17,93.0,113,41.75
2026-02-18,141.0,153,59.36
2026-02-19,111.0,152,19.57
2026-02-20,56.0,66,12.77
2026-02-21,54.0,56,15.25
2026-02-22,62.0,66,16.08
2026-02-23,41.0,59,6.65
2026-02-24,35.0,41,9.78
2026-02-25,62.0,78,25.12
2026-02-26,89.0,102,36.64
2026-02-27,93.0,103,29.29
2026-02-28,96.0,111,42.02
2026-03-04,68.0,83,28.9
2026-03-05,126.0,150,42.79
2026-03-06,65.0,118,7.46
2026-03-07,44.0,55,14.6
2026-03-08,58.0,61,13.34
2026-03-09,53.0,61,17.75
2026-03-10,72.0,78,23.69
2026-03-11,67.0,75,16.86
2026-03-12,44.0,60,4.51
2026-03-13,31.0,39,5.39
2026-03-14,36.0,43,5.36
2026-03-15,32.0,39,7.39
2026-03-16,37.0,45,6.84
2026-03-17,36.0,42,4.38
2026-03-18,35.0,38,8.24
2026-03-19,40.0,44,10.53
2026-03-20,52.0,55,12.62
2026-03-21,55.0,58,15.0
2026-03-22,53.0,64,19.43
2026-03-23,57.0,64,7.77
2026-03-24,36.0,41,7.34
2026-03-25,47.0,53,11.72
2026-03-26,46.0,52,12.08
2026-03-27,47.0,53,8.36
2026-03-28,34.0,43,7.54
2026-03-29,61.0,71,20.88
2026-03-30,46.0,67,8.19
2026-03-31,48.0,52,12.25
2026-04-01,47.0,50,10.03
2026-04-02,39.0,45,5.81
2026-04-03,31.0,43,10.59
2026-04-04,53.0,58,10.02
2026-04-05,39.0,45,10.87
2026-04-06,41.0,47,6.1
2026-04-07,55.0,61,13.38
2026-04-08,38.0,54,7.95
2026-04-09,49.0,55,13.84
2026-04-10,55.0,57,15.33
2026-04-11,46.0,56,4.85
2026-04-12,34.0,44,7.83
2026-04-13,44.0,75,11.53
2026-04-14,53.0,55,12.62
2026-04-15,53.0,59,16.61
2026-04-16,61.0,66,19.77
2026-04-17,57.0,66,8.52
2026-04-18,41.0,48,11.02
2026-04-19,44.0,49,7.27
2026-04-20,40.0,47,10.9
2026-04-21,39.0,45,8.03
2026-04-22,43.0,52,13.42
2026-04-23,64.0,71,15.47
2026-04-24,40.0,57,7.61
2026-04-25,38.0,43,10.07
2026-04-26,51.0,54,14.56
2026-04-27,60.0,64,16.95
2026-04-28,56.0,59,16.1
2026-04-29,56.0,62,10.44
2026-04-30,41.0,44,9.48
2026-05-01,42.0,45,9.29
2026-05-02,48.0,53,11.73
2026-05-03,40.0,51,5.62
2026-05-04,42.0,77,9.51
2026-05-05,62.0,107,10.02
2026-05-06,51.0,88,6.1
2026-05-07,37.0,44,5.41
2026-05-08,37.0,48,12.05
2026-05-09,63.0,69,20.28
2026-05-10,74.0,78,22.23
2026-05-11,59.0,81,5.56
2026-05-12,34.0,42,8.23
2026-05-13,44.0,52,12.97
2026-05-14,49.0,52,9.06
2026-05-15,35.0,41,5.26
2026-05-16,55.0,77,15.07
2026-05-17,63.0,109,12.79
2026-05-18,75.0,123,22.66
2026-05-19,84.0,139,16.69
2026-05-20,59.0,80,9.35
2026-05-21,39.0,51,13.53
2026-05-22,78.0,84,20.95
2026-05-23,51.0,68,11.3
2026-05-24,44.0,50,9.9
2026-05-25,51.0,60,17.15
2026-05-26,70.0,84,18.67
2026-05-27,67.0,71,19.75
2026-05-28,51.0,66,7.07
2026-05-29,39.0,46,6.0
2026-05-30,36.0,38,4.3
2026-05-31,40.0,49,11.97
2026-06-01,55.0,57,13.94
2026-06-02,57.0,59,15.56
2026-06-03,50.0,67,6.81
