date,total_rides
2025-01-01,51442
2025-01-02,71779
2025-01-03,75361
2025-01-04,55389
2025-01-05,52177
2025-01-06,58515
2025-01-07,65214
2025-01-08,66588
2025-01-09,67369
2025-01-10,81396
2025-01-11,64760
2025-01-12,69417
2025-01-13,86675
2025-01-14,69399
2025-01-15,4612
2025-01-16,4399
2025-01-17,4789
2025-01-18,3173
2025-01-19,2246
2025-01-20,1790
2025-01-21,2814
2025-01-22,3092
2025-01-23,3583
2025-01-24,3788
2025-01-25,3186
2025-01-26,3361
2025-01-27,4620
2025-01-28,5214
2025-01-29,5139
2025-01-30,4826
2025-01-31,3680
2025-11-14,7576
2025-11-15,31179
2025-11-16,26068
2025-11-17,28343
2025-11-18,32387
2025-11-19,28883
2025-11-20,35369
2025-11-21,36637
2025-11-22,28064
2025-11-23,24690
2025-11-24,31248
2025-11-25,22920
2025-11-26,26985
2025-11-27,11727
2025-11-28,14388
2025-11-29,17461
2025-11-30,13127
2025-12-01,14997
2025-12-02,9536
2025-12-03,15605
2025-12-04,14824
2025-12-05,13177
2025-12-06,13396
2025-12-07,12316
2025-12-08,11560
2025-12-09,12705
2025-12-10,12948
2025-12-11,13720
2025-12-12,13712
2025-12-13,13245
2025-12-14,6847
2025-12-15,47593
2025-12-16,63451
2025-12-17,81052
2025-12-18,94544
2025-12-19,56342
2025-12-20,64296
2025-12-21,52252
2025-12-22,61506
2025-12-23,43555
2025-12-24,45768
2025-12-25,23133
2025-12-26,27099
2025-12-27,11597
2025-12-28,21205
2025-12-29,37223
2025-12-30,44600
2025-12-31,46176
2026-01-01,1067
2026-01-02,1716
2026-01-03,1684
2026-01-04,1694
2026-01-05,2823
2026-01-06,3333
2026-01-07,3904
2026-01-08,4131
2026-01-09,3988
2026-01-10,2057
2026-01-11,2904
2026-01-12,3389
2026-01-13,3912
2026-01-14,22848
2026-01-15,91649
2026-01-16,77335
2026-01-17,44222
2026-01-18,31201
2026-01-19,51073
2026-01-20,59836
2026-01-21,73606
2026-01-22,96813
2026-01-23,81520
2026-01-24,41975
2026-01-25,3053
2026-01-26,6067
2026-01-27,16195
2026-01-28,20779
2026-01-29,22662
2026-01-30,20584
2026-01-31,18360
2026-02-01,15965
2026-02-02,31076
2026-02-03,39718
2026-02-04,44649
2026-02-05,45462
2026-02-06,45069
2026-02-07,18732
2026-02-08,17874
2026-02-09,37775
2026-02-10,51449
2026-02-11,58364
2026-02-12,58024
2026-02-13,59629
2026-02-14,47122
2026-02-15,28215
2026-02-16,29238
2026-02-17,42247
2026-02-18,35653
2026-02-19,48005
2026-02-20,25206
2026-02-21,51124
2026-02-22,12761
2026-02-24,8532
2026-02-25,18864
2026-02-26,35785
2026-02-27,43966
2026-02-28,49325
