date,temp_avg_c,temp_min_c,temp_max_c,precipitation_total_mm
2025-01-01,7.42,3.9,10.9,4.5
2025-01-02,2.59,0.3,5.4,0.0
2025-01-03,0.39,-1.9,3.2,0.0
2025-01-04,-1.43,-2.7,-0.1,0.0
2025-01-05,-2.16,-3.6,0.3,0.0
2025-01-06,-2.33,-4.4,-1.5,1.7
2025-01-07,-5.2,-8.7,-3.0,0.0
2025-01-08,-4.26,-6.6,-2.5,0.0
2025-01-09,-4.16,-6.8,-1.5,0.0
2025-01-10,-0.87,-3.8,3.3,0.0
2025-01-11,-1.2,-2.9,0.4,2.0
2025-01-12,0.59,-1.9,4.8,0.0
2025-01-13,1.28,-1.9,6.6,0.0
2025-01-14,-1.72,-3.7,0.3,0.0
2025-01-15,-3.37,-5.7,-1.0,0.0
2025-01-16,-3.17,-5.9,-0.6,0.3
2025-01-17,-0.66,-4.9,5.0,0.0
2025-01-18,2.83,-0.9,6.5,2.1
2025-01-19,0.72,-2.0,2.6,8.8
2025-01-20,-7.08,-10.5,-2.6,0.2
2025-01-21,-11.39,-15.8,-8.4,0.4
2025-01-22,-11.78,-16.6,-8.1,0.0
2025-01-23,-8.6,-13.1,-3.5,0.0
2025-01-24,-6.33,-10.6,-1.0,0.0
2025-01-25,-6.99,-13.0,-2.0,0.0
2025-01-26,-1.03,-5.6,4.1,0.0
2025-01-27,-1.31,-4.8,2.0,0.0
2025-01-28,0.65,-3.0,4.4,0.0
2025-01-29,4.08,0.3,9.1,0.0
2025-01-30,-1.98,-6.2,1.0,0.0
2025-01-31,3.63,0.7,6.2,10.3
2025-11-01,10.29,7.6,14.4,0.0
2025-11-02,8.94,4.0,14.9,0.0
2025-11-03,10.12,6.2,14.0,0.1
2025-11-04,10.94,8.1,14.9,0.0
2025-11-05,11.13,4.0,18.3,0.0
2025-11-06,9.49,5.3,13.7,1.6
2025-11-07,8.68,1.8,15.4,0.0
2025-11-08,14.24,11.9,18.5,4.8
2025-11-09,12.8,8.5,16.4,0.2
2025-11-10,10.06,2.2,13.9,11.9
2025-11-11,2.4,0.8,4.3,0.5
2025-11-12,5.52,2.2,9.2,0.0
2025-11-13,7.32,5.0,10.4,1.8
2025-11-14,6.3,2.9,10.1,0.0
2025-11-15,5.77,1.3,8.8,0.8
2025-11-16,9.55,4.7,13.0,0.2
2025-11-17,3.96,1.4,6.2,0.0
2025-11-18,4.53,0.9,7.9,0.0
2025-11-19,4.78,2.0,8.2,4.6
2025-11-20,3.18,0.0,7.8,0.0
2025-11-21,6.86,2.5,10.9,0.0
2025-11-22,7.9,4.3,11.0,5.1
2025-11-23,3.79,-0.9,7.7,0.0
2025-11-24,6.83,4.2,11.4,0.0
2025-11-25,7.73,2.9,12.7,10.2
2025-11-26,13.19,10.9,15.4,4.6
2025-11-27,5.6,2.5,10.4,0.0
2025-11-28,2.53,0.1,5.7,0.0
2025-11-29,1.81,-0.2,5.8,0.0
2025-11-30,2.75,-0.3,4.9,3.3
2025-12-01,3.16,-0.3,6.1,0.0
2025-12-02,0.85,-1.6,3.0,17.2
2025-12-03,1.18,-1.3,4.2,0.0
2025-12-04,0.64,-3.4,5.4,0.1
2025-12-05,-3.52,-6.7,-0.8,0.0
2025-12-06,0.53,-1.8,4.3,0.4
2025-12-07,1.48,-1.7,5.1,0.0
2025-12-08,-1.86,-4.4,1.8,0.0
2025-12-09,-3.87,-7.4,-0.3,0.0
2025-12-10,2.54,-0.6,6.4,3.1
2025-12-11,0.84,-2.2,4.0,0.0
2025-12-12,-1.91,-4.8,1.5,0.0
2025-12-13,-0.72,-4.4,3.8,0.8
2025-12-14,-2.64,-7.8,0.5,11.7
2025-12-15,-6.22,-8.6,-2.9,0.0
2025-12-16,-5.58,-9.3,-2.3,0.0
2025-12-17,-0.64,-6.4,4.3,0.0
2025-12-18,1.63,-4.6,5.9,0.0
2025-12-19,8.95,-0.4,14.5,26.2
2025-12-20,-0.07,-2.1,2.5,0.0
2025-12-21,2.42,-1.8,7.9,0.0
2025-12-22,-0.59,-3.0,3.1,0.0
2025-12-23,1.4,0.2,3.1,2.9
2025-12-24,3.45,-0.9,7.4,0.0
2025-12-25,2.04,-1.6,8.4,0.0
2025-12-26,-4.11,-5.8,-2.7,7.4
2025-12-27,-3.63,-7.3,-1.0,5.3
2025-12-28,-5.83,-11.6,1.0,0.9
2025-12-29,3.49,-1.4,7.3,3.9
2025-12-30,-1.32,-3.0,-0.2,0.0
2025-12-31,-2.23,-3.7,-0.2,0.0
2026-01-01,-3.45,-7.1,0.6,1.1
2026-01-02,-4.42,-7.3,-1.2,0.3
2026-01-03,-3.47,-6.7,-0.6,0.0
2026-01-04,-2.21,-4.4,1.0,0.3
2026-01-05,-1.77,-5.4,0.9,0.8
2026-01-06,0.99,-2.2,4.0,0.6
2026-01-07,4.81,0.8,9.4,0.3
2026-01-08,5.09,1.5,10.1,0.0
2026-01-09,5.38,0.3,10.9,3.6
2026-01-10,5.99,4.3,9.2,13.5
2026-01-11,5.25,1.2,8.3,0.3
2026-01-12,1.33,-1.1,4.8,0.0
2026-01-13,2.66,-0.7,7.4,0.0
2026-01-14,6.42,4.2,9.9,0.1
2026-01-15,2.39,-4.4,6.6,0.1
2026-01-16,-2.86,-5.9,0.1,0.0
2026-01-17,-0.3,-4.2,2.0,4.7
2026-01-18,-1.46,-4.6,0.5,9.2
2026-01-19,-3.66,-7.1,-1.2,0.0
2026-01-20,-8.83,-11.4,-4.6,0.0
2026-01-21,-7.62,-15.4,1.2,0.0
2026-01-22,3.06,0.9,6.8,0.2
2026-01-23,-0.98,-7.4,2.2,0.0
2026-01-24,-10.14,-13.1,-7.4,0.0
2026-01-25,-9.7,-12.2,-4.8,33.1
2026-01-26,-6.08,-8.5,-3.2,0.4
2026-01-27,-10.19,-13.4,-7.3,0.1
2026-01-28,-10.41,-13.4,-6.8,0.0
2026-01-29,-11.8,-15.1,-8.1,0.0
2026-01-30,-12.55,-15.4,-9.3,0.0
2026-01-31,-13.33,-18.3,-7.2,0.0
2026-02-01,-10.65,-14.1,-6.6,0.0
2026-02-02,-6.76,-11.0,-0.9,0.0
2026-02-03,-7.19,-13.6,-0.9,0.0
2026-02-04,-4.93,-10.0,-1.1,0.0
2026-02-05,-8.18,-13.1,-2.5,0.0
2026-02-06,-7.49,-12.4,-2.4,0.2
2026-02-07,-10.23,-16.5,-3.7,0.9
2026-02-08,-14.31,-17.8,-10.1,0.0
2026-02-09,-9.82,-14.6,-4.0,0.0
2026-02-10,-5.15,-9.9,-0.2,0.0
2026-02-11,0.8,-2.0,3.4,0.3
2026-02-12,-1.43,-4.2,0.9,0.0
2026-02-13,-4.02,-8.5,1.1,0.0
2026-02-14,-1.36,-7.8,3.8,0.0
2026-02-15,-1.44,-6.2,2.5,0.6
2026-02-16,-0.06,-2.0,2.1,1.8
2026-02-17,2.37,0.3,5.8,0.0
2026-02-18,1.67,-0.4,3.8,2.6
2026-02-19,2.4,1.4,3.9,0.0
2026-02-20,2.16,1.3,4.4,9.6
2026-02-21,3.92,-0.9,8.0,0.0
2026-02-22,1.23,-0.6,3.2,14.0
2026-02-23,-0.25,-1.6,1.5,21.1
2026-02-24,-4.47,-10.9,-1.6,0.0
2026-02-25,-0.83,-10.9,2.5,1.8
2026-02-26,1.2,-4.0,3.7,0.3
2026-02-27,-3.3,-9.1,1.0,0.0
2026-02-28,-1.84,-6.5,2.8,0.0
2026-03-04,4.92,1.2,9.1,0.3
2026-03-05,5.12,3.8,6.1,14.7
2026-03-06,3.49,2.6,4.9,11.3
2026-03-07,4.85,2.1,9.0,0.0
2026-03-08,13.37,8.2,20.4,0.0
2026-03-09,14.85,7.4,22.4,0.0
2026-03-10,17.27,9.3,25.9,0.0
2026-03-11,16.36,11.5,22.2,4.5
2026-03-12,7.4,1.6,14.9,4.1
2026-03-13,2.67,-0.9,5.9,0.0
2026-03-14,6.76,2.6,11.6,0.0
2026-03-15,4.2,1.5,7.1,0.0
2026-03-16,11.6,7.7,14.7,20.0
2026-03-17,3.26,-0.6,12.4,3.1
2026-03-18,-0.74,-3.1,2.7,0.0
2026-03-19,2.04,-1.3,5.0,0.0
2026-03-20,7.33,0.9,14.3,0.7
2026-03-21,10.97,7.6,15.7,0.0
2026-03-22,9.63,5.4,16.5,0.5
2026-03-23,5.53,0.5,9.8,6.5
2026-03-24,3.56,-0.7,9.1,0.0
2026-03-25,6.43,0.9,11.8,0.0
2026-03-26,14.87,6.8,23.9,0.0
2026-03-27,11.82,4.8,18.8,1.0
2026-03-28,3.05,-0.5,6.7,0.0
2026-03-29,5.7,-0.7,12.1,0.0
2026-03-30,14.06,5.7,22.4,0.0
2026-03-31,20.73,15.0,27.6,0.1
2026-04-01,20.45,13.6,25.7,0.0
2026-04-02,7.34,5.1,12.5,1.1
2026-04-03,10.34,4.7,18.8,0.1
2026-04-04,14.99,6.0,22.9,0.3
2026-04-05,9.47,5.5,13.6,8.4
2026-04-07,8.34,1.4,13.2,0.0
2026-04-08,3.18,-1.4,9.7,0.0
2026-04-09,5.03,-0.3,9.7,0.0
2026-04-10,9.17,4.5,15.5,0.0
2026-04-11,13.83,11.3,17.8,0.0
2026-04-12,8.98,4.3,12.4,0.0
2026-04-13,17.22,7.9,27.0,0.0
2026-04-14,24.12,16.6,30.0,0.0
2026-04-15,25.7,19.0,32.3,0.0
2026-04-16,25.81,21.1,31.8,0.0
2026-04-17,21.44,14.7,25.9,0.6
2026-04-18,13.66,9.3,17.6,0.0
2026-04-19,8.37,4.9,11.3,2.1
2026-04-20,6.4,1.8,10.6,0.0
2026-04-21,5.8,-0.5,11.7,0.0
2026-04-22,9.05,7.1,11.6,1.2
2026-04-23,15.56,5.6,24.1,0.0
2026-04-24,14.4,9.8,19.0,0.0
2026-04-25,7.16,5.0,9.6,14.4
2026-04-26,8.61,5.1,14.7,4.3
2026-04-27,12.07,5.1,20.4,0.0
2026-04-28,12.84,6.8,18.4,0.0
2026-04-29,12.22,9.0,16.3,0.8
2026-04-30,11.14,8.3,15.1,2.7
2026-05-01,12.01,6.3,18.4,0.0
2026-05-02,12.72,9.7,17.2,0.0
2026-05-03,11.34,6.6,16.0,0.0
2026-05-04,15.6,8.2,23.3,0.0
2026-05-05,20.43,12.9,29.2,0.0
2026-05-06,17.85,15.9,21.8,0.0
2026-05-07,13.94,9.8,18.6,2.2
2026-05-08,13.27,7.8,17.8,0.0
2026-05-09,13.96,10.9,18.6,0.0
2026-05-10,15.59,11.1,22.7,0.0
2026-05-11,14.43,11.6,17.2,0.0
2026-05-12,12.98,6.8,19.4,0.0
2026-05-13,16.21,10.5,23.3,0.0
2026-05-14,15.11,12.7,18.5,0.4
2026-05-15,14.69,9.4,19.5,0.0
2026-05-16,19.61,10.6,26.7,0.0
2026-05-17,24.95,18.3,30.6,0.0
2026-05-18,26.15,20.7,30.7,0.0
2026-05-19,28.63,22.1,34.6,0.0
2026-05-20,27.93,20.4,34.3,94.7
2026-05-21,16.14,13.7,19.6,5.5
2026-05-22,15.55,12.2,20.9,0.0
2026-05-23,11.77,9.6,13.6,8.4
2026-05-24,12.1,10.2,13.9,14.0
2026-05-25,16.75,12.8,23.3,1.4
2026-05-26,21.08,14.6,27.3,0.0
2026-05-27,23.35,18.9,28.7,0.0
2026-05-28,21.65,17.2,25.3,0.0
2026-05-29,20.17,13.6,25.6,0.0
2026-05-30,15.3,10.6,21.0,0.0
2026-05-31,17.45,8.0,24.6,0.0
2026-06-01,17.57,12.3,22.0,0.0
2026-06-02,18.39,9.3,25.5,0.0
2026-06-03,22.48,15.2,29.8,0.0
