"date","weekday","day_type","holiday","trips","member_trips","casual_trips","electric_trips","duration_median_min","temperature_mean_c","apparent_temperature_mean_c","precipitation_mm","snowfall_cm","wet_hours","wind_gusts_max_kmh","aqi_mean","aqi_category"
"2025-05-01","Thursday","workday",,169232,141452,27780,116633,8.916666666666666,15.7,13.1,0,0,0,40,36,"good"
"2025-05-02","Friday","workday",,179285,142315,36970,127857,9.516666666666667,21.9,21.9,0,0,0,42.8,62,"moderate"
"2025-05-03","Saturday","weekend",,179826,128871,50955,126403,11.05,22.7,23.5,9.1,0,6,51.5,67,"moderate"
"2025-05-04","Sunday","weekend",,90806,71030,19776,61877,8.783333333333333,17.8,18.4,13.2,0,12,35.3,59,"moderate"
"2025-05-05","Monday","workday",,75339,67182,8157,51859,7.366666666666666,16.2,16.5,13.4,0,16,34.6,54,"moderate"
"2025-05-06","Tuesday","workday",,118501,104059,14442,83052,8.016666666666667,16.3,16.2,20.6,0,8,38.5,47,"good"
"2025-05-07","Wednesday","workday",,174225,146900,27325,121254,9.2,17.9,17.4,0.3,0,2,32.4,61,"moderate"
"2025-05-08","Thursday","workday",,171366,143609,27757,119741,9.016666666666667,18.6,19.2,0.4,0,1,30.6,66,"moderate"
"2025-05-09","Friday","workday",,88588,76035,12553,65629,7.566666666666666,14.3,13.6,14.6,0,14,32.8,70,"moderate"
"2025-05-10","Saturday","weekend",,172059,126870,45189,121000,10.733333333333333,15.2,12.5,0,0,0,55.4,40,"good"
"2025-05-11","Sunday","weekend",,151808,111242,40566,103039,10.733333333333333,17.8,16.9,0,0,0,31.3,45,"good"
"2025-05-12","Monday","workday",,160821,135329,25492,104763,8.8,16.2,15.2,0,0,0,32,48,"good"
"2025-05-13","Tuesday","workday",,133139,116366,16773,88352,8.016666666666667,17.3,17.9,4.4,0,12,27,60,"moderate"
"2025-05-14","Wednesday","workday",,67289,60154,7135,49465,7.25,16.4,16.1,26,0,16,44.3,60,"moderate"
"2025-05-15","Thursday","workday",,162707,137533,25174,115981,8.883333333333333,18.5,19.8,4.1,0,6,31,58,"moderate"
"2025-05-16","Friday","workday",,154712,126505,28207,113027,9.05,18.1,19.7,0.9,0,3,38.9,76,"moderate"
"2025-05-17","Saturday","weekend",,190456,135299,55157,135199,11.283333333333333,21.8,23.3,2.5,0,3,47.5,72,"moderate"
"2025-05-18","Sunday","weekend",,157268,114839,42429,101983,10.616666666666667,19.1,17.2,0.5,0,3,64.4,54,"moderate"
"2025-05-19","Monday","workday",,152160,127432,24728,97252,8.783333333333333,15.9,12.7,0,0,0,50,37,"good"
"2025-05-20","Tuesday","workday",,166095,140082,26013,108357,8.95,13.9,11.3,0,0,0,34.6,28,"good"
"2025-05-21","Wednesday","workday",,108194,95574,12620,74940,7.383333333333334,12.3,9.9,4.1,0,13,42.5,41,"good"
"2025-05-22","Thursday","workday",,67123,59036,8087,49974,7.016666666666667,10.5,8.2,22.7,0,19,47.2,31,"good"
"2025-05-23","Friday","workday",,119482,99773,19709,85600,8.2,12,10.4,3.2,0,10,37.8,34,"good"
"2025-05-24","Saturday","weekend",,117774,87482,30292,82706,9.766666666666667,13.3,10.8,0.5,0,2,45.7,54,"moderate"
"2025-05-25","Sunday","weekend",,120174,85882,34292,83486,10.15,15,12.5,0,0,0,42.1,36,"good"
"2025-05-26","Monday","holiday","Memorial Day",140668,100198,40470,94961,10.85,16.7,15.2,0,0,0,33.1,52,"moderate"
"2025-05-27","Tuesday","workday",,161290,136225,25065,110335,8.983333333333333,18.6,17.7,0,0,0,36.4,74,"moderate"
"2025-05-28","Wednesday","workday",,102511,89872,12639,72036,7.8,15.7,14.3,10.9,0,11,31.7,59,"moderate"
"2025-05-29","Thursday","workday",,148492,125416,23076,106622,8.85,17.2,17.3,2.6,0,12,29.5,53,"moderate"
"2025-05-30","Friday","workday",,169380,136940,32440,123645,9.066666666666666,19.1,20.3,9.6,0,8,32.4,69,"moderate"
"2025-05-31","Saturday","weekend",,149710,113165,36545,108857,9.783333333333333,16.2,14.8,37.5,0,13,60.5,59,"moderate"
"2025-06-01","Sunday","weekend",,140034,106080,33954,99060,9.966666666666667,14.4,11.7,0,0,0,50,53,"moderate"
"2025-06-02","Monday","workday",,159286,133094,26192,111127,9.116666666666667,16.2,15,0,0,0,32.8,69,"moderate"
"2025-06-03","Tuesday","workday",,179752,150358,29394,126189,9.383333333333333,19.3,18.7,0,0,0,28.1,76,"moderate"
"2025-06-04","Wednesday","workday",,192125,159516,32609,135422,9.5,22.4,22.4,0,0,0,39.2,102,"unhealthy for sensitive groups"
"2025-06-05","Thursday","workday",,186871,152502,34369,132566,9.383333333333333,27.4,28.7,0,0,0,41.8,120,"unhealthy for sensitive groups"
"2025-06-06","Friday","workday",,184221,144540,39681,133080,9.4,26.9,28.8,3.5,0,4,38.2,110,"unhealthy for sensitive groups"
"2025-06-07","Saturday","weekend",,128059,95710,32349,92301,9.666666666666666,23.6,25.8,3.6,0,10,41.4,74,"moderate"
"2025-06-08","Sunday","weekend",,150495,110620,39875,105262,10.05,19.9,20.7,2.2,0,8,39.2,78,"moderate"
"2025-06-09","Monday","workday",,134118,113853,20265,93502,8.266666666666667,18.1,18.9,2.6,0,12,24.8,85,"moderate"
"2025-06-10","Tuesday","workday",,145029,122797,22232,101610,8.85,20.4,22.2,17.5,0,6,33.8,62,"moderate"
"2025-06-11","Wednesday","workday",,193018,159920,33098,132387,9.416666666666666,23.7,23.8,0,0,0,46.1,76,"moderate"
"2025-06-12","Thursday","workday",,191969,157029,34940,134302,9.3,27,27.3,0.3,0,3,44.6,91,"moderate"
"2025-06-13","Friday","workday",,186179,148262,37917,132441,9.4,24.3,23.4,0,0,0,37.1,69,"moderate"
"2025-06-14","Saturday","weekend",,88348,69920,18428,64475,8.516666666666667,18.5,17.8,5.3,0,15,35.3,63,"moderate"
"2025-06-15","Sunday","weekend",,99385,78663,20722,70575,8.616666666666667,17,17.2,5.4,0,9,25.2,72,"moderate"
"2025-06-16","Monday","workday",,139751,118826,20925,96552,8.416666666666666,18,18.7,4.3,0,10,30.2,79,"moderate"
"2025-06-17","Tuesday","workday",,146396,125557,20839,101647,8.6,19,20.7,4,0,9,28.1,65,"moderate"
"2025-06-18","Wednesday","workday",,177574,146935,30639,125501,9.066666666666666,22,25.1,11.5,0,11,32,60,"moderate"
"2025-06-19","Thursday","holiday","Juneteenth National Independence Day",141314,111890,29424,101683,9.116666666666667,25.9,29.5,4.7,0,8,46.1,96,"moderate"
"2025-06-20","Friday","workday",,177698,138841,38857,127805,9.683333333333334,23.9,23.9,0.3,0,2,46.8,62,"moderate"
"2025-06-21","Saturday","weekend",,171440,121484,49956,124344,10.883333333333333,26.9,28.4,0,0,0,34.6,85,"moderate"
"2025-06-22","Sunday","weekend",,135076,99534,35542,97996,9.9,29,31.2,0.3,0,2,49,70,"moderate"
"2025-06-23","Monday","workday",,155359,128370,26989,113200,8.616666666666667,32.8,37.7,0,0,0,25.9,84,"moderate"
"2025-06-24","Tuesday","workday",,164234,137133,27101,120617,8.583333333333334,34.8,36.9,0,0,0,45.7,77,"moderate"
"2025-06-25","Wednesday","workday",,170357,141491,28866,123658,8.716666666666667,33.6,36.1,0.3,0,3,39.6,53,"moderate"
"2025-06-26","Thursday","workday",,175993,144522,31471,122702,9.083333333333334,26,27.5,0.3,0,1,44.6,62,"moderate"
"2025-06-27","Friday","workday",,166954,133514,33440,117715,9.15,20.3,19.6,7.4,0,2,35.3,60,"moderate"
"2025-06-28","Saturday","weekend",,162298,118089,44209,117836,10.516666666666667,24.3,26.7,0.7,0,4,36.7,62,"moderate"
"2025-06-29","Sunday","weekend",,154724,111208,43516,111955,10.55,28.4,31.1,0,0,0,33.8,78,"moderate"
"2025-06-30","Monday","workday",,153455,125437,28018,107598,8.883333333333333,28.7,31,0.7,0,2,45,86,"moderate"
"2025-07-01","Tuesday","workday",,121425,102366,19059,86501,8.316666666666666,27.3,31.1,8.7,0,15,46.1,87,"moderate"
"2025-07-02","Wednesday","workday",,160379,131085,29294,113859,9.116666666666667,25.5,29.3,2.2,0,7,20.5,73,"moderate"
"2025-07-03","Thursday","workday",,144725,114783,29942,104965,9,25.9,28.1,0.2,0,2,44.6,75,"moderate"
"2025-07-04","Friday","holiday","Independence Day",126934,84673,42261,90225,11.383333333333333,23.9,24.1,0,0,0,33.1,65,"moderate"
"2025-07-05","Saturday","weekend",,128535,87081,41454,90925,10.966666666666667,25.9,26.5,0,0,0,39.2,86,"moderate"
"2025-07-06","Sunday","weekend",,131688,93512,38176,93114,10.266666666666667,28.2,29.3,0,0,0,38.9,103,"unhealthy for sensitive groups"
"2025-07-07","Monday","workday",,147857,122303,25554,104009,8.75,27.5,31.2,4.1,0,13,43.9,58,"moderate"
"2025-07-08","Tuesday","workday",,152503,127871,24632,109607,8.7,28.3,32.6,15.6,0,7,39.6,86,"moderate"
"2025-07-09","Wednesday","workday",,170045,141332,28713,121657,8.983333333333333,27.5,31.4,3.1,0,3,28.1,85,"moderate"
"2025-07-10","Thursday","workday",,173381,142463,30918,124253,9.316666666666666,24.6,28.4,17.1,0,8,16.6,90,"moderate"
"2025-07-11","Friday","workday",,175540,138332,37208,127209,9.533333333333333,25.1,29,0.2,0,2,34.6,98,"moderate"
"2025-07-12","Saturday","weekend",,177831,125523,52308,128645,11.016666666666667,25.5,29.2,0.2,0,2,37.8,67,"moderate"
"2025-07-13","Sunday","weekend",,162177,117488,44689,115483,10.6,25.7,28.6,0.3,0,3,34.6,52,"moderate"
"2025-07-14","Monday","workday",,114043,95629,18414,80698,8.3,26,30.1,18.2,0,15,37.1,51,"moderate"
"2025-07-15","Tuesday","workday",,176112,145586,30526,123922,9.416666666666666,25.7,30.7,1.9,0,8,23,84,"moderate"
"2025-07-16","Wednesday","workday",,182062,149859,32203,130555,9.283333333333333,26.8,31.9,2.3,0,14,31.7,102,"unhealthy for sensitive groups"
"2025-07-17","Thursday","workday",,178997,146200,32797,128143,9.183333333333334,28.2,32.1,1.8,0,5,51.8,94,"moderate"
"2025-07-18","Friday","workday",,179534,140325,39209,127144,9.7,26.2,26.9,0,0,0,37.8,61,"moderate"
"2025-07-19","Saturday","weekend",,169900,121080,48820,119716,10.8,24.9,26.3,0,0,0,37.8,55,"moderate"
"2025-07-20","Sunday","weekend",,153621,111755,41866,108839,10.283333333333333,27.9,31.4,4.1,0,9,34.6,78,"moderate"
"2025-07-21","Monday","workday",,166259,136821,29438,113625,9.2,26.9,26.9,0,0,0,46.8,60,"moderate"
"2025-07-22","Tuesday","workday",,182263,151326,30937,123391,9.483333333333333,23.8,23.4,0,0,0,37.4,59,"moderate"
"2025-07-23","Wednesday","workday",,185756,153937,31819,126783,9.483333333333333,24.3,25.2,0,0,0,34.2,71,"moderate"
"2025-07-24","Thursday","workday",,184107,150476,33631,127873,9.45,26.3,27.5,0,0,0,37.1,69,"moderate"
"2025-07-25","Friday","workday",,163788,129937,33851,118559,9.116666666666667,29.5,32.8,5.4,0,3,56.9,87,"moderate"
"2025-07-26","Saturday","weekend",,176955,124952,52003,124838,10.95,26.5,28,0,0,0,40,70,"moderate"
"2025-07-27","Sunday","weekend",,146787,108441,38346,105178,9.983333333333333,25.5,28.6,9.8,0,10,35.3,91,"moderate"
"2025-07-28","Monday","workday",,162856,134117,28739,113921,8.933333333333334,29.8,32.7,0,0,0,31.3,85,"moderate"
"2025-07-29","Tuesday","workday",,176174,146127,30047,124587,8.916666666666666,32.1,35.5,0,0,0,31.7,103,"unhealthy for sensitive groups"
"2025-07-30","Wednesday","workday",,171121,142911,28210,121189,8.833333333333334,31,34.7,8.4,0,3,40.3,106,"unhealthy for sensitive groups"
"2025-07-31","Thursday","workday",,134049,112278,21771,94272,8.4,26.3,30.2,8.1,0,12,41.8,87,"moderate"
"2025-08-01","Friday","workday",,165270,132339,32931,118086,9.233333333333333,20.1,20.6,1,0,7,38.2,69,"moderate"
"2025-08-02","Saturday","weekend",,201393,133549,67844,134029,12.383333333333333,21.2,22.2,0,0,0,25.6,78,"moderate"
"2025-08-03","Sunday","weekend",,163661,117381,46280,114471,10.883333333333333,22.2,23.3,0,0,0,27,82,"moderate"
"2025-08-04","Monday","workday",,165510,135280,30230,114123,9.316666666666666,24.5,25.7,0,0,0,34.9,96,"moderate"
"2025-08-05","Tuesday","workday",,176820,146361,30459,121486,9.316666666666666,25,26.9,0,0,0,28.1,128,"unhealthy for sensitive groups"
"2025-08-06","Wednesday","workday",,166849,139241,27608,114826,8.95,23.7,25.1,0.9,0,5,33.5,100,"moderate"
"2025-08-07","Thursday","workday",,180265,147695,32570,124775,9.433333333333334,23,23.8,0,0,0,38.2,76,"moderate"
"2025-08-08","Friday","workday",,177418,139373,38045,125479,9.683333333333334,22.4,22.6,0,0,0,37.8,56,"moderate"
"2025-08-09","Saturday","weekend",,200286,132208,68078,131683,12.6,23.3,23.9,0,0,0,32.4,55,"moderate"
"2025-08-10","Sunday","weekend",,158661,114179,44482,111575,10.75,25.7,26.1,0,0,0,36.4,101,"unhealthy for sensitive groups"
"2025-08-11","Monday","workday",,162557,133254,29303,112657,9.2,26.4,27,0,0,0,34.6,102,"unhealthy for sensitive groups"
"2025-08-12","Tuesday","workday",,177808,147007,30801,123711,9.266666666666667,26.9,29.3,0,0,0,40,93,"moderate"
"2025-08-13","Wednesday","workday",,139391,116669,22722,98883,8.55,27.1,30.9,9.2,0,8,37.4,71,"moderate"
"2025-08-14","Thursday","workday",,175964,144102,31862,126125,9.266666666666667,26.4,30.9,1,0,4,22.7,86,"moderate"
"2025-08-15","Friday","workday",,174317,136923,37394,126421,9.466666666666667,26.6,28.9,0,0,0,34.9,71,"moderate"
"2025-08-16","Saturday","weekend",,199455,130201,69254,134371,12.533333333333333,25.7,28.9,4.9,0,4,31.7,62,"moderate"
"2025-08-17","Sunday","weekend",,139748,101717,38031,100686,10.2,27.3,30.1,3.6,0,5,46.1,73,"moderate"
"2025-08-18","Monday","workday",,155433,127532,27901,107483,9.133333333333333,21.3,21.1,0,0,0,40.7,64,"moderate"
"2025-08-19","Tuesday","workday",,173847,143589,30258,120847,9.416666666666666,20.9,20.2,0,0,0,36.4,48,"good"
"2025-08-20","Wednesday","workday",,92952,80595,12357,66452,7.833333333333333,19.9,20,2.6,0,11,38.5,47,"good"
"2025-08-21","Thursday","workday",,150071,124921,25150,107479,9.033333333333333,18.4,17.4,0,0,0,53.6,43,"good"
"2025-08-22","Friday","workday",,171068,134457,36611,123597,9.733333333333333,21,20.7,0,0,0,29.5,45,"good"
"2025-08-23","Saturday","weekend",,175224,121631,53593,123300,11.4,22.1,21.8,0,0,0,50.8,57,"moderate"
"2025-08-24","Sunday","weekend",,152352,111127,41225,107009,10.6,22.1,23,0.2,0,2,46.1,42,"good"
"2025-08-25","Monday","workday",,155901,128700,27201,108600,9.216666666666667,24.9,25.4,0,0,0,50,56,"moderate"
"2025-08-26","Tuesday","workday",,170698,141588,29110,118689,9.4,22.9,21.3,0,0,0,41.4,53,"moderate"
"2025-08-27","Wednesday","workday",,171644,142349,29295,120653,9.3,20.8,19.2,0.1,0,1,40,55,"moderate"
"2025-08-28","Thursday","workday",,168408,137347,31061,119821,9.383333333333333,21.5,20.1,0,0,0,38.2,71,"moderate"
"2025-08-29","Friday","workday",,158230,123275,34955,113910,9.666666666666666,22.4,21.4,0,0,0,38.2,70,"moderate"
"2025-08-30","Saturday","weekend",,149460,103469,45991,105485,11.333333333333334,20.2,18,0,0,0,33.8,51,"moderate"
"2025-08-31","Sunday","weekend",,143384,97926,45458,100925,11.366666666666667,20.9,19.7,0,0,0,39.6,48,"good"
"2025-09-01","Monday","holiday","Labor Day",142006,102676,39330,99250,10.483333333333333,21.6,20.9,0,0,0,44.6,59,"moderate"
"2025-09-02","Tuesday","workday",,171181,143681,27500,118528,9.316666666666666,21.1,21,0,0,0,37.8,56,"moderate"
"2025-09-03","Wednesday","workday",,184230,155316,28914,127605,9.4,20.6,21.1,0,0,0,37.8,57,"moderate"
"2025-09-04","Thursday","workday",,181691,152638,29053,126329,9.233333333333333,20.9,21.4,6.1,0,9,50,52,"moderate"
"2025-09-05","Friday","workday",,190393,154521,35872,136123,9.55,23.4,25.2,3.2,0,3,39.6,64,"moderate"
"2025-09-06","Saturday","weekend",,137213,104820,32393,98196,9.683333333333334,23.7,26.4,20.8,0,11,50.8,67,"moderate"
"2025-09-07","Sunday","weekend",,112215,88839,23376,79604,9.366666666666667,18.4,19.5,17.4,0,15,20.5,84,"moderate"
"2025-09-08","Monday","workday",,175730,147964,27766,119990,9.25,17.6,17,0,0,0,26.6,63,"moderate"
"2025-09-09","Tuesday","workday",,187479,159610,27869,127994,9.35,17.6,17.3,0,0,0,33.8,61,"moderate"
"2025-09-10","Wednesday","workday",,160200,136667,23533,111425,9.016666666666667,17.8,17.6,5,0,5,30.2,52,"moderate"
"2025-09-11","Thursday","workday",,199596,165315,34281,137548,9.633333333333333,21.1,20.7,0,0,0,35.3,64,"moderate"
"2025-09-12","Friday","workday",,199717,159676,40041,142189,9.783333333333333,21.1,20.9,0,0,0,26.6,66,"moderate"
"2025-09-13","Saturday","weekend",,194893,142002,52891,139671,10.966666666666667,20.8,21.9,0.7,0,3,34.9,59,"moderate"
"2025-09-14","Sunday","weekend",,173379,128732,44647,121441,10.45,22.4,23.5,0.5,0,4,27.4,61,"moderate"
"2025-09-15","Monday","workday",,175946,148455,27491,119019,9.133333333333333,22.3,23.1,0,0,0,33.8,75,"moderate"
"2025-09-16","Tuesday","workday",,185810,158686,27124,127348,9.133333333333333,20.4,19.6,0,0,0,43.9,50,"good"
"2025-09-17","Wednesday","workday",,169196,146069,23127,118275,8.85,19.2,19.1,6.8,0,8,35.6,31,"good"
"2025-09-18","Thursday","workday",,199155,166255,32900,140113,9.55,22.2,24,0.1,0,1,19.8,47,"good"
"2025-09-19","Friday","workday",,201403,162328,39075,144375,9.666666666666666,22.6,23.3,0,0,0,29.2,53,"moderate"
"2025-09-20","Saturday","weekend",,190007,138904,51103,135237,11.016666666666667,18.9,17.8,0,0,0,32.4,36,"good"
"2025-09-21","Sunday","weekend",,161238,120607,40631,113578,10.4,17.3,16.7,0,0,0,29.9,36,"good"
"2025-09-22","Monday","workday",,167840,141179,26661,115926,9.066666666666666,17.5,17.4,0,0,0,28.1,52,"moderate"
"2025-09-23","Tuesday","workday",,178732,148347,30385,124579,9.35,22.7,24.1,6.6,0,3,37.4,58,"moderate"
"2025-09-24","Wednesday","workday",,172228,145013,27215,120653,9.066666666666666,21.9,24.9,4.7,0,8,42.1,70,"moderate"
"2025-09-25","Thursday","workday",,148063,126125,21938,107353,8.783333333333333,22,24.7,46.9,0,19,41.4,59,"moderate"
"2025-09-26","Friday","workday",,201803,162798,39005,144603,9.6,22.4,24.5,0,0,0,25.6,52,"moderate"
"2025-09-27","Saturday","weekend",,185548,137241,48307,133179,10.65,20.8,22.3,0.1,0,1,16.6,60,"moderate"
"2025-09-28","Sunday","weekend",,165919,125194,40725,116532,10.383333333333333,22.4,24.7,0.6,0,2,20.2,78,"moderate"
"2025-09-29","Monday","workday",,176177,149701,26476,120902,8.983333333333333,20.6,21.4,0,0,0,23,65,"moderate"
"2025-09-30","Tuesday","workday",,192681,164633,28048,132168,9.216666666666667,20.5,20.5,0,0,0,31.3,81,"moderate"
"2025-10-01","Wednesday","workday",,185986,159219,26767,127879,8.9,16.3,13.7,0,0,0,34.9,49,"good"
"2025-10-02","Thursday","workday",,169976,142906,27070,117352,8.8,14.3,12.4,0,0,0,23.8,27,"good"
"2025-10-03","Friday","workday",,186593,152811,33782,131925,9.216666666666667,15.5,14.5,0,0,0,26.6,50,"good"
"2025-10-04","Saturday","weekend",,187881,138975,48906,133700,10.75,19.5,19.4,0,0,0,19.4,57,"moderate"
"2025-10-05","Sunday","weekend",,168933,126724,42209,117144,10.4,21.4,21.9,0,0,0,25.2,66,"moderate"
"2025-10-06","Monday","workday",,173621,146838,26783,117152,9,20.3,20.6,0,0,0,34.2,64,"moderate"
"2025-10-07","Tuesday","workday",,186763,159346,27417,126524,9.1,21.9,21.9,0,0,0,47.9,53,"moderate"
"2025-10-08","Wednesday","workday",,147161,126266,20895,102740,8.55,19.2,18.3,5.4,0,11,41.4,33,"good"
"2025-10-09","Thursday","workday",,173212,147534,25678,119592,8.666666666666666,12.1,8.9,0,0,0,38.2,32,"good"
"2025-10-10","Friday","workday",,170491,139817,30674,121518,8.933333333333334,10.9,8.6,0,0,0,31,44,"good"
"2025-10-11","Saturday","weekend",,120395,93033,27362,88249,9.333333333333334,14.4,13.7,1.4,0,4,31,54,"moderate"
"2025-10-12","Sunday","weekend",,75820,60207,15613,54628,8.1,14.9,12.4,15.5,0,14,53.3,46,"good"
"2025-10-13","Monday","holiday","Columbus Day",61039,54199,6840,43895,7.05,13.7,10.9,31.6,0,20,65.2,31,"good"
"2025-10-14","Tuesday","workday",,148615,129904,18711,103840,8.466666666666667,14,12,0.1,0,1,43.2,25,"good"
"2025-10-15","Wednesday","workday",,172637,148300,24337,121102,8.866666666666667,15.5,14.2,0,0,0,34.6,39,"good"
"2025-10-16","Thursday","workday",,163762,140454,23308,115832,8.633333333333333,10.8,6.9,0,0,0,42.5,37,"good"
"2025-10-17","Friday","workday",,169800,140529,29271,122807,8.916666666666666,11.2,7.9,0,0,0,32.8,27,"good"
"2025-10-18","Saturday","weekend",,169002,126665,42337,121404,10.266666666666667,12,10.2,0,0,0,15.8,47,"good"
"2025-10-19","Sunday","weekend",,155212,117819,37393,110747,10.016666666666667,15.9,15.1,0,0,0,47.9,57,"moderate"
"2025-10-20","Monday","workday",,120804,105813,14991,75623,8.3,15.8,13.5,10.2,0,9,59.4,37,"good"
"2025-10-21","Tuesday","workday",,168608,145259,23349,115825,8.833333333333334,13.5,11.3,0.1,0,1,31.3,38,"good"
"2025-10-22","Wednesday","workday",,163556,142370,21186,115340,8.616666666666667,13.7,11.8,1.5,0,8,54,53,"moderate"
"2025-10-23","Thursday","workday",,162782,140571,22211,116343,8.516666666666667,11.4,8.5,0.1,0,1,42.8,55,"moderate"
"2025-10-24","Friday","workday",,164185,136733,27452,120018,8.7,10.2,7.6,0,0,0,32.8,44,"good"
"2025-10-25","Saturday","weekend",,148436,114602,33834,108686,9.6,10.3,8.1,0,0,0,25.2,47,"good"
"2025-10-26","Sunday","weekend",,133356,104121,29235,95713,9.333333333333334,10.3,8.1,0.1,0,1,21.2,61,"moderate"
"2025-10-27","Monday","workday",,141668,123264,18404,99734,8.166666666666666,8,5,0,0,0,25.2,54,"moderate"
"2025-10-28","Tuesday","workday",,147201,130438,16763,104649,8.166666666666666,8.8,5.2,0,0,0,51.5,39,"good"
"2025-10-29","Wednesday","workday",,156480,137442,19038,111840,8.333333333333334,10.4,7.4,0.1,0,1,38.5,29,"good"
"2025-10-30","Thursday","workday",,76387,67279,9108,57556,7.933333333333334,13.9,12.3,44.4,0,21,63,30,"good"
"2025-10-31","Friday","workday",,157113,130649,26464,117253,8.55,11.9,8,0,0,0,73.1,31,"good"
"2025-11-01","Saturday","weekend",,149277,113047,36230,109925,9.683333333333334,10.3,6.2,0,0,0,61.2,33,"good"
"2025-11-02","Sunday","weekend",,147258,110238,37020,105485,9.95,9,6.8,0,0,0,22.3,56,"moderate"
"2025-11-03","Monday","workday",,138679,120409,18270,97057,8.366666666666667,10.2,8.4,0.1,0,1,40,62,"moderate"
"2025-11-04","Tuesday","workday",,151822,132457,19365,107431,8.333333333333334,10.8,6.6,0,0,0,57.2,41,"good"
"2025-11-05","Wednesday","workday",,158965,138611,20354,112877,8.583333333333334,11.4,8.1,1.6,0,1,54.7,40,"good"
"2025-11-06","Thursday","workday",,145333,126937,18396,104324,8.116666666666667,9.2,4.8,0,0,0,55.1,34,"good"
"2025-11-07","Friday","workday",,150320,126830,23490,110039,8.433333333333334,9.1,5.8,0.1,0,1,42.8,52,"moderate"
"2025-11-08","Saturday","weekend",,154328,116946,37382,111963,10.216666666666667,14.2,12.8,4.7,0,7,30.6,48,"good"
"2025-11-09","Sunday","weekend",,96830,77790,19040,69975,8.583333333333334,12.9,12.3,1.3,0,4,38.5,69,"moderate"
"2025-11-10","Monday","workday",,106623,95648,10975,74898,7.6,9.6,7.4,10.8,0,12,43.6,65,"moderate"
"2025-11-11","Tuesday","holiday","Veterans Day",96646,87635,9011,69216,7.383333333333334,2.5,-3,0.5,0.4,4,65.5,37,"good"
"2025-11-12","Wednesday","workday",,124768,112511,12257,88947,7.9,5.7,1.8,0,0,0,37.1,36,"good"
"2025-11-13","Thursday","workday",,129794,115544,14250,93774,8.016666666666667,7.2,3.3,1.8,0,3,54.7,50,"good"
"2025-11-14","Friday","workday",,136841,117654,19187,99454,8.1,6.4,2.7,0,0,0,40.7,30,"good"
"2025-11-15","Saturday","weekend",,116902,94806,22096,83773,8.683333333333334,5.9,2.9,0.8,0,2,36,50,"good"
"2025-11-16","Sunday","weekend",,97600,81249,16351,68956,8.2,9.4,4.9,0.2,0,2,69.8,48,"good"
"2025-11-17","Monday","workday",,104143,94604,9539,72494,7.45,4,-1.5,0,0,0,60.5,28,"good"
"2025-11-18","Tuesday","workday",,120113,108991,11122,85209,7.8,4.6,0.6,0,0,0,35.6,25,"good"
"2025-11-19","Wednesday","workday",,107101,95854,11247,79023,7.75,4.7,2.1,4.6,0.6,8,22.7,57,"moderate"
"2025-11-20","Thursday","workday",,129386,115366,14020,94554,7.95,3.3,0.3,0,0,0,14.8,76,"moderate"
"2025-11-21","Friday","workday",,135205,116696,18509,100980,8.1,7,4.9,0,0,0,34.9,83,"moderate"
"2025-11-22","Saturday","weekend",,105480,86346,19134,78197,8.583333333333334,7.8,5.3,5.1,0,9,32.8,78,"moderate"
"2025-11-23","Sunday","weekend",,92940,77361,15579,66809,8.116666666666667,3.9,0.7,0,0,0,27,60,"moderate"
"2025-11-24","Monday","workday",,116265,102491,13774,81708,7.983333333333333,6.8,3.5,0,0,0,32.8,58,"moderate"
"2025-11-25","Tuesday","workday",,86309,76676,9633,62486,7.716666666666667,8.1,5.7,13.9,0,10,40,71,"moderate"
"2025-11-26","Wednesday","workday",,102436,87962,14474,74471,8.433333333333334,13.1,11.9,0.9,0,2,37.4,56,"moderate"
"2025-11-27","Thursday","holiday","Thanksgiving Day",45216,36192,9024,32920,7.916666666666667,5.3,0.3,0,0,0,47.2,52,"moderate"
"2025-11-28","Friday","workday",,53732,45548,8184,38686,7.333333333333333,2.5,-3,0,0,0,63.4,29,"good"
"2025-11-29","Saturday","weekend",,64423,53480,10943,46650,7.9,1.8,-2.6,0,0,0,35.3,33,"good"
"2025-11-30","Sunday","weekend",,48440,42514,5926,35125,6.966666666666667,3,-0.4,3.3,0,8,37.1,63,"moderate"
"2025-12-01","Monday","workday",,100621,91806,8815,71121,7.633333333333334,3,-1.4,0,0,0,39.2,45,"good"
"2025-12-02","Tuesday","workday",,64888,60189,4699,47696,7.15,1,-2.8,17.2,0.1,11,35.6,63,"moderate"
"2025-12-03","Wednesday","workday",,104313,94713,9600,74870,7.766666666666667,1.1,-2.9,0,0,0,40,50,"good"
"2025-12-04","Thursday","workday",,99835,91039,8796,71434,7.533333333333333,0.5,-4.2,0.1,0.1,1,51.8,61,"moderate"
"2025-12-05","Friday","workday",,87734,79324,8410,63877,7.233333333333333,-3.4,-7.6,0,0,0,28.1,34,"good"
"2025-12-06","Saturday","weekend",,88716,75755,12961,64267,8.133333333333333,0.6,-2.9,0.4,0.3,3,20.5,63,"moderate"
"2025-12-07","Sunday","weekend",,81525,70422,11103,57576,7.833333333333333,1.5,-2,0,0,0,28.8,71,"moderate"
"2025-12-08","Monday","workday",,79448,73683,5765,55782,7.083333333333333,-2.1,-7.2,0,0,0,45.4,59,"moderate"
"2025-12-09","Tuesday","workday",,87368,80780,6588,61883,7.316666666666666,-3.7,-8.4,0,0,0,34.9,39,"good"
"2025-12-10","Wednesday","workday",,88953,81367,7586,64052,7.55,2.7,-1.3,3.1,0,6,40.3,53,"moderate"
"2025-12-11","Thursday","workday",,92205,84199,8006,66212,7.466666666666667,0.6,-4.9,0,0,0,58.7,45,"good"
"2025-12-12","Friday","workday",,91394,82145,9249,67143,7.366666666666666,-1.9,-7.1,0,0,0,40.3,29,"good"
"2025-12-13","Saturday","weekend",,86981,73927,13054,64083,8.116666666666667,-0.6,-4.2,1.6,1.1,6,22,56,"moderate"
"2025-12-14","Sunday","weekend",,24146,21716,2430,18366,7.683333333333334,-3,-7.5,10.9,7.6,12,39.6,80,"moderate"
"2025-12-15","Monday","workday",,53036,49525,3511,38588,7.433333333333334,-6.2,-11.3,0,0,0,37.4,40,"good"
"2025-12-16","Tuesday","workday",,70819,65580,5239,51697,7.566666666666666,-5.6,-9.8,0,0,0,23,58,"moderate"
"2025-12-17","Wednesday","workday",,90330,82316,8014,66316,7.8,-0.2,-4.5,0,0,0,31,81,"moderate"
"2025-12-18","Thursday","workday",,105312,93829,11483,77687,8.133333333333333,1.7,-1.2,2,0,1,18.7,73,"moderate"
"2025-12-19","Friday","workday",,62392,55008,7384,47897,7.25,8.7,4.5,24.2,0,13,70.6,58,"moderate"
"2025-12-20","Saturday","weekend",,71158,60534,10624,52701,7.816666666666666,0,-4.6,0,0,0,43.9,30,"good"
"2025-12-21","Sunday","weekend",,57797,49349,8448,42001,7.616666666666666,2.3,-2.6,0,0,0,52.9,48,"good"
"2025-12-22","Monday","workday",,68577,61538,7039,49399,7.283333333333333,-0.5,-5,0,0,0,31,32,"good"
"2025-12-23","Tuesday","workday",,48402,43494,4908,35972,7.1,1.5,-1.7,2.9,1.5,11,23.4,57,"moderate"
"2025-12-24","Wednesday","workday",,50812,44052,6760,37021,7.233333333333333,3.3,-1,0,0,0,63,62,"moderate"
"2025-12-25","Thursday","holiday","Christmas Day",25484,20254,5230,18542,7.866666666666666,2,-2.4,0,0,0,48.2,64,"moderate"
"2025-12-26","Friday","workday",,30121,26813,3308,21636,6.666666666666667,-4.1,-8.7,8.8,6.1,8,27.7,38,"good"
"2025-12-27","Saturday","weekend",,12855,11408,1447,9626,7.7,-3.8,-8.2,3.9,2.5,10,35.6,47,"good"
"2025-12-28","Sunday","weekend",,23485,20894,2591,17198,7.383333333333334,-5.4,-9.1,1.9,0,4,26.3,72,"moderate"
"2025-12-29","Monday","workday",,41152,36994,4158,30042,7.15,3.4,-0.8,2.9,0,6,52.9,65,"moderate"
"2025-12-30","Tuesday","workday",,49262,44356,4906,36041,6.966666666666667,-1.4,-7.4,0,0,0,61.6,37,"good"
"2025-12-31","Wednesday","workday",,51115,44767,6348,37928,7.066666666666666,-2.2,-7.3,0.1,0.1,1,41.4,29,"good"
"2026-01-01","Thursday","holiday","New Year's Day",28216,23956,4260,21197,7.1,-3.7,-9.2,1,0.7,3,59,50,"good"
"2026-01-02","Friday","workday",,46234,41501,4733,33399,6.8,-4.3,-8.8,0.3,0.2,3,34.9,49,"good"
"2026-01-03","Saturday","weekend",,46883,41308,5575,34361,7.05,-3.5,-7.9,0,0,0,25.6,49,"good"
"2026-01-04","Sunday","weekend",,50027,44209,5818,36349,7.15,-2.2,-6.3,0.3,0.2,3,31.3,63,"moderate"
"2026-01-05","Monday","workday",,72431,67122,5309,51539,7.183333333333334,-1.6,-5.5,0.8,0.6,3,26.3,60,"moderate"
"2026-01-06","Tuesday","workday",,86100,79707,6393,62014,7.483333333333333,1.1,-1.9,0.6,0.1,1,16.2,77,"moderate"
"2026-01-07","Wednesday","workday",,97777,89379,8398,70658,7.766666666666667,4.8,1.6,0.3,0,2,42.5,85,"moderate"
"2026-01-08","Thursday","workday",,106545,96385,10160,76813,7.933333333333334,5.1,2.3,0,0,0,25.2,60,"moderate"
"2026-01-09","Friday","workday",,100645,89828,10817,73961,7.766666666666667,5.7,2.8,3.6,0,4,39.6,87,"moderate"
"2026-01-10","Saturday","weekend",,54871,47329,7542,40200,7.45,5.9,3.2,13.6,0,11,28.1,53,"moderate"
"2026-01-11","Sunday","weekend",,76797,66392,10405,54608,7.966666666666667,5,0.8,0.2,0,1,48.2,40,"good"
"2026-01-12","Monday","workday",,86245,79562,6683,61146,7.366666666666666,1.3,-3.6,0,0,0,50,27,"good"
"2026-01-13","Tuesday","workday",,100678,92292,8386,72399,7.716666666666667,2.8,-1.2,0,0,0,33.1,49,"good"
"2026-01-14","Wednesday","workday",,104786,95493,9293,75740,7.816666666666666,6.5,3.5,0.1,0,1,20.9,54,"moderate"
"2026-01-15","Thursday","workday",,91585,84332,7253,66858,7.283333333333333,1.9,-2.8,0.1,0,1,46.8,62,"moderate"
"2026-01-16","Friday","workday",,77280,70762,6518,57490,6.933333333333334,-2.8,-8.4,0,0,0,49.7,37,"good"
"2026-01-17","Saturday","weekend",,44180,39076,5104,32689,7.366666666666666,-0.4,-4,4.7,3.3,8,24.1,52,"moderate"
"2026-01-18","Sunday","weekend",,31179,27932,3247,23157,6.983333333333333,-1.4,-4.7,9.2,6.4,17,27,82,"moderate"
"2026-01-19","Monday","holiday","Martin Luther King Jr. Day",51049,46758,4291,37573,7.05,-3.8,-8.4,0,0,0,38.9,71,"moderate"
"2026-01-20","Tuesday","workday",,59795,56470,3325,43325,6.716666666666667,-9.2,-14.5,0,0,0,37.1,55,"moderate"
"2026-01-21","Wednesday","workday",,73576,68971,4605,53613,7.033333333333333,-7.1,-11.7,0.2,0.1,2,36,59,"moderate"
"2026-01-22","Thursday","workday",,96776,89104,7672,70316,7.566666666666666,3.1,-1.5,0,0,0,41.8,51,"moderate"
"2026-01-23","Friday","workday",,81491,75220,6271,60608,6.9,-1.4,-7.1,0,0,0,53.3,50,"good"
"2026-01-24","Saturday","weekend",,41960,38748,3212,30788,6.2,-10.2,-15.9,0,0,0,45.4,31,"good"
"2026-01-25","Sunday","weekend",,3051,2745,306,2360,6.2,-9.6,-15.2,33.4,19.1,20,65.5,35,"good"
"2026-01-26","Monday","workday",,6028,5704,324,4416,10.483333333333333,-6.3,-11.4,0.1,0,1,42.5,38,"good"
"2026-01-27","Tuesday","workday",,16087,15099,988,11919,10.933333333333334,-10.3,-15.8,0.1,0.1,1,41.8,44,"good"
"2026-01-28","Wednesday","workday",,20644,19436,1208,14930,10.233333333333333,-10.6,-15.6,0,0,0,28.8,61,"moderate"
"2026-01-29","Thursday","workday",,22506,21068,1438,15896,9.816666666666666,-11.7,-16.9,0,0,0,28.8,64,"moderate"
"2026-01-30","Friday","workday",,20430,19083,1347,14085,9.3,-12.7,-18.1,0,0,0,31,53,"moderate"
"2026-01-31","Saturday","weekend",,18422,16894,1528,12503,8.95,-13.2,-17.8,0,0,0,41.4,46,"good"
"2026-02-01","Sunday","weekend",,15881,14817,1064,10939,8.35,-10.6,-16.9,0,0,0,49.3,52,"moderate"
"2026-02-02","Monday","workday",,30957,29189,1768,21262,8.866666666666667,-6.7,-12.1,0,0,0,36,44,"good"
"2026-02-03","Tuesday","workday",,39659,37236,2423,27844,8.683333333333334,-7.2,-11.4,0,0,0,18.7,67,"moderate"
"2026-02-04","Wednesday","workday",,44571,41789,2782,31450,8.533333333333333,-4.9,-9.1,0,0,0,29.9,92,"moderate"
"2026-02-05","Thursday","workday",,45381,42393,2988,32483,8.4,-8.4,-12.6,0,0,0,18.7,70,"moderate"
"2026-02-06","Friday","workday",,45031,41748,3283,32329,8.1,-7.2,-11.3,0.4,0.3,4,18.4,102,"unhealthy for sensitive groups"
"2026-02-07","Saturday","weekend",,18704,17377,1327,13683,7.033333333333333,-10.8,-17.3,0.7,0.5,4,60.8,88,"moderate"
"2026-02-08","Sunday","weekend",,17837,16615,1222,13167,6.966666666666667,-14.2,-20.7,0,0,0,45.4,38,"good"
"2026-02-09","Monday","workday",,37685,35534,2151,27173,7.7,-9.6,-14.4,0,0,0,31.3,43,"good"
"2026-02-10","Tuesday","workday",,51397,48358,3039,37433,8.05,-4.9,-8.8,0,0,0,29.9,81,"moderate"
"2026-02-11","Wednesday","workday",,58317,54557,3760,42649,8.15,0.9,-3.6,0.3,0,1,36.7,85,"moderate"
"2026-02-12","Thursday","workday",,57976,54108,3868,42766,7.866666666666666,-1.6,-6.6,0,0,0,42.1,42,"good"
"2026-02-13","Friday","workday",,59591,54564,5027,44323,7.883333333333334,-4.1,-8.4,0,0,0,25.2,42,"good"
"2026-02-14","Saturday","weekend",,49559,42906,6653,36785,8.516666666666667,-1.3,-5,0,0,0,21.2,87,"moderate"
"2026-02-15","Sunday","weekend",,42684,37470,5214,31240,7.983333333333333,-1.2,-4.6,1.2,0.8,5,21.2,141,"unhealthy for sensitive groups"
"2026-02-16","Monday","holiday","Washington's Birthday",44160,40155,4005,32000,7.533333333333333,-0.1,-3.7,1.2,0.8,5,27.4,73,"moderate"
"2026-02-17","Tuesday","workday",,63699,58740,4959,46314,7.833333333333333,2.4,-0.9,0,0,0,28.8,96,"moderate"
"2026-02-18","Wednesday","workday",,53645,49706,3939,39793,7.283333333333333,1.8,-0.9,2.6,0,8,19.4,143,"unhealthy for sensitive groups"
"2026-02-19","Thursday","workday",,71784,65895,5889,52872,7.533333333333333,2.4,-1,0,0,0,20.9,108,"unhealthy for sensitive groups"
"2026-02-20","Friday","workday",,37931,34723,3208,28672,6.8,2.1,-1.3,9.6,0,13,44.3,61,"moderate"
"2026-02-21","Saturday","weekend",,76328,65250,11078,56363,8.3,4.1,1,0,0,0,29.2,59,"moderate"
"2026-02-22","Sunday","weekend",,19004,17038,1966,14045,6.483333333333333,1.1,-3.1,16.2,9.9,19,60.5,66,"moderate"
"2026-02-23","Monday","workday",,0,0,0,0,,-0.3,-6.7,18.9,13.2,16,70.6,45,"good"
"2026-02-24","Tuesday","workday",,13068,12120,948,9303,9.983333333333333,-4.9,-9.5,0,0,0,36.7,40,"good"
"2026-02-25","Wednesday","workday",,28440,26057,2383,20499,8.766666666666667,-0.3,-4.3,2.1,1.1,6,29.2,68,"moderate"
"2026-02-26","Thursday","workday",,54005,49712,4293,39286,8.216666666666667,1,-2.6,0,0,0,27,91,"moderate"
"2026-02-27","Friday","workday",,66183,59373,6810,48747,8.2,-3.4,-6.8,0,0,0,23.8,93,"moderate"
"2026-02-28","Saturday","weekend",,74559,62369,12190,54849,9.35,-1.8,-4.4,0,0,0,17.6,97,"moderate"
"2026-03-01","Sunday","weekend",,54942,47923,7019,39861,7.95,-0.4,-4.4,0.9,0.4,3,33.8,121,"unhealthy for sensitive groups"
"2026-03-02","Monday","workday",,62254,57807,4447,44624,7.15,-5.9,-10.1,0,0,0,24.1,58,"moderate"
"2026-03-03","Tuesday","workday",,42020,39420,2600,30682,6.9,-0.6,-3.7,9.7,1.7,16,19.1,74,"moderate"
"2026-03-04","Wednesday","workday",,85275,77966,7309,61274,7.933333333333334,3.8,1.4,1.5,0,3,17.6,71,"moderate"
"2026-03-05","Thursday","workday",,38543,35354,3189,28858,6.933333333333334,3.7,1.1,22.9,0,17,28.4,126,"unhealthy for sensitive groups"
"2026-03-06","Friday","workday",,81187,72863,8324,59888,7.516666666666667,3.7,0.3,5.5,0,6,34.2,70,"moderate"
"2026-03-07","Saturday","weekend",,82779,69390,13389,61376,8.616666666666667,5.7,3.3,0,0,0,27.4,52,"moderate"
"2026-03-08","Sunday","weekend",,103941,82249,21692,75482,10.016666666666667,13.5,11.7,0.9,0,3,36.4,63,"moderate"
"2026-03-09","Monday","workday",,130275,110581,19694,92113,9.45,12,9.9,0,0,0,28.8,58,"moderate"
"2026-03-10","Tuesday","workday",,152462,128330,24132,104948,9.733333333333333,14.9,13.7,0,0,0,27,75,"moderate"
"2026-03-11","Wednesday","workday",,134079,116665,17414,90228,8.766666666666667,16.3,15.4,3.9,0,3,34.6,71,"moderate"
"2026-03-12","Thursday","workday",,60047,54740,5307,43059,6.983333333333333,8.2,5.6,11.2,0.5,16,54.7,50,"good"
"2026-03-13","Friday","workday",,92319,82250,10069,67192,7.466666666666667,2.5,-2.3,1.9,1,1,47.2,31,"good"
"2026-03-14","Saturday","weekend",,97228,79740,17488,71517,8.883333333333333,6.1,1.2,0,0,0,65.2,39,"good"
"2026-03-15","Sunday","weekend",,75974,64135,11839,54483,7.983333333333333,3.8,-0.2,0,0,0,38.9,34,"good"
"2026-03-16","Monday","workday",,53959,48740,5219,38630,7.133333333333334,12.3,10.1,16.8,0,13,70.6,43,"good"
"2026-03-17","Tuesday","workday",,85328,77527,7801,60656,7.35,3.4,-2.3,4.1,0,1,85,38,"good"
"2026-03-18","Wednesday","workday",,85285,77980,7305,61071,7.233333333333333,-1.3,-5.6,0,0,0,30.6,37,"good"
"2026-03-19","Thursday","workday",,95202,85439,9763,69161,7.6,1.6,-1.9,0,0,0,26.6,51,"moderate"
"2026-03-20","Friday","workday",,99826,85824,14002,73778,7.966666666666667,7.1,4.1,3.8,0,5,42.1,58,"moderate"
"2026-03-21","Saturday","weekend",,122121,95121,27000,88294,10.016666666666667,10.1,7.7,0,0,0,40.3,60,"moderate"
"2026-03-22","Sunday","weekend",,100106,79842,20264,71016,9.316666666666666,10.4,8.5,6.8,0.6,6,44.6,59,"moderate"
"2026-03-23","Monday","workday",,60822,55615,5207,43725,7.016666666666667,5.9,2.3,12.1,0,13,39.6,63,"moderate"
"2026-03-24","Tuesday","workday",,101031,90958,10073,71785,7.783333333333333,3.4,-0.6,0,0,0,33.1,38,"good"
"2026-03-25","Wednesday","workday",,111495,99939,11556,79953,7.966666666666667,5.7,2.1,0,0,0,38.9,54,"moderate"
"2026-03-26","Thursday","workday",,145880,123729,22151,105929,9.366666666666667,14.9,12.4,1.8,0,1,52.6,54,"moderate"
"2026-03-27","Friday","workday",,114764,99647,15117,84170,8,11.1,8.2,2.5,0,5,50.8,54,"moderate"
"2026-03-28","Saturday","weekend",,89441,74587,14854,65179,8.533333333333333,2.7,-2,0,0,0,45.7,38,"good"
"2026-03-29","Sunday","weekend",,98366,79746,18620,70441,9.283333333333333,5.3,1.9,0,0,0,37.4,66,"moderate"
"2026-03-30","Monday","workday",,130034,111390,18644,92388,9.15,13.7,10.6,0,0,0,46.8,55,"moderate"
"2026-03-31","Tuesday","workday",,154474,131012,23462,110089,9.633333333333333,20.8,19.2,0.6,0,2,52.6,55,"moderate"
"2026-04-01","Wednesday","workday",,145862,124759,21103,103723,9.133333333333333,21,19.8,2.7,0,6,42.5,54,"moderate"
"2026-04-02","Thursday","workday",,90678,80478,10200,66114,7.6,8.1,5,4.2,0,10,48.2,48,"good"
"2026-04-03","Friday","workday",,122375,99946,22429,90507,9.033333333333333,11.8,9.9,0.2,0,2,51.8,37,"good"
"2026-04-04","Saturday","weekend",,123591,93034,30557,90055,10.433333333333334,15.2,13.8,0,0,0,49.7,58,"moderate"
"2026-04-05","Sunday","weekend",,52144,43727,8417,37725,7.883333333333334,11,9.3,6.9,0,9,32,50,"good"
"2026-04-06","Monday","workday",,110049,94646,15403,78012,8.3,8.8,5,0,0,0,52.6,46,"good"
"2026-04-07","Tuesday","workday",,110649,97398,13251,79331,7.983333333333333,7.6,3.4,0,0,0,57.2,60,"moderate"
"2026-04-08","Wednesday","workday",,102885,91790,11095,74145,7.683333333333334,3.1,-0.7,0,0,0,33.1,41,"good"
"2026-04-09","Thursday","workday",,110166,97033,13133,80443,8.05,4.9,2,0,0,0,38.9,56,"moderate"
"2026-04-10","Friday","workday",,126583,106692,19891,93189,8.666666666666666,9.6,7.2,0,0,0,37.8,60,"moderate"
"2026-04-11","Saturday","weekend",,143306,109077,34229,105809,10.666666666666666,13.9,10.3,0.7,0,1,44.3,50,"good"
"2026-04-12","Sunday","weekend",,109025,87006,22019,78329,9.466666666666667,9.3,5.6,0,0,0,42.8,38,"good"
"2026-04-13","Monday","workday",,140617,120913,19704,100665,9.283333333333333,18.2,16.2,1.4,0,2,58.3,49,"good"
"2026-04-14","Tuesday","workday",,171385,145346,26039,124219,9.75,24.2,23.7,0,0,0,50.4,58,"moderate"
"2026-04-15","Wednesday","workday",,176835,149573,27262,127721,9.566666666666666,26.3,26.5,0.6,0,2,46.1,58,"moderate"
"2026-04-16","Thursday","workday",,178639,149900,28739,129352,9.583333333333334,27.2,27.6,0,0,0,41,66,"moderate"
"2026-04-17","Friday","workday",,167209,136959,30250,122422,9.4,23.1,23.1,4.6,0,6,38.2,63,"moderate"
"2026-04-18","Saturday","weekend",,164107,122833,41274,118605,10.883333333333333,14.5,13.3,0,0,0,41.4,51,"moderate"
"2026-04-19","Sunday","weekend",,78185,65338,12847,56557,8,9.2,6.4,4.5,0,12,58.3,52,"moderate"
"2026-04-20","Monday","workday",,117897,104259,13638,83752,8,6.6,3.2,1.8,0.1,3,44.3,50,"good"
"2026-04-21","Tuesday","workday",,125119,110885,14234,89783,8.116666666666667,5.7,2.4,0,0,0,33.1,43,"good"
"2026-04-22","Wednesday","workday",,123914,109584,14330,90446,8.1,9.4,6.9,5.1,0,4,38.9,52,"moderate"
"2026-04-23","Thursday","workday",,170679,143687,26992,124196,9.466666666666667,15.1,13.1,2.2,0,1,41.4,68,"moderate"
"2026-04-24","Friday","workday",,160049,132093,27956,117722,9.233333333333333,15,12.3,0,0,0,39.6,44,"good"
"2026-04-25","Saturday","weekend",,39051,32390,6661,28544,7.5,7.8,4.7,24.6,0,15,36.4,49,"good"
"2026-04-26","Sunday","weekend",,115795,90691,25104,83057,9.783333333333333,8.7,5.9,2.8,0,6,42.8,57,"moderate"
"2026-04-27","Monday","workday",,146044,125131,20913,103026,8.966666666666667,11.9,10.1,0,0,0,29.2,65,"moderate"
"2026-04-28","Tuesday","workday",,151727,132514,19213,108140,8.733333333333333,12.3,10.1,0,0,0,24.5,61,"moderate"
"2026-04-29","Wednesday","workday",,141360,124334,17026,101222,8.5,12.2,10.1,5.7,0,5,40.3,61,"moderate"
"2026-04-30","Thursday","workday",,139628,121722,17906,101086,8.65,11.9,10.3,,,,,52,"moderate"
