"month","trips","trips_per_day","member_share_pct","electric_share_pct","temperature_mean_c","precipitation_mm","wet_days","snow_days","aqi_mean"
"2025-05",4320480,139370,80.6,69.6,16.7,201.1,16,0,54
"2025-06",4751512,158384,80.1,71,23.8,74.9,12,0,76
"2025-07",4977404,160561,79,70.8,26.7,111.7,15,0,79
"2025-08",5114045,164969,77.6,70,23.1,23.5,6,0,69
"2025-09",5281669,176056,81.1,70,20.7,119.5,9,0,59
"2025-10",4727475,152499,83.1,70.6,13.9,110.5,7,0,44
"2025-11",3413175,113772,85.2,72,7.3,49.7,9,2,51
"2025-12",2090236,67427,89.5,72.7,-0.3,80,11,9,53
"2026-01",1814274,58525,91,72.6,-2.7,68.6,6,10,55
"2026-02",1218036,43501,91.1,72.9,-3.1,53.2,7,7,76
"2026-03",2941459,94886,86.2,71.8,6.9,106.9,14,5,59
"2026-04",3855553,128518,84.1,72.3,12.8,68,12,1,53
