"band_from_c","band_to_c","day_type","days","trips_per_day","casual_share_pct"
-25,-20,"weekend",1,17837,6.9
-20,-15,"weekend",3,25421,7.6
-10,-5,"weekend",1,46883,11.9
-5,0,"weekend",8,70555,15.4
0,5,"weekend",8,92368,16.9
5,10,"weekend",6,134912,22.9
10,15,"weekend",9,139332,25
15,20,"weekend",8,162032,27.2
20,25,"weekend",10,178159,28.4
25,30,"weekend",9,159943,28.9
30,35,"weekend",2,144900,27.3
-20,-15,"workday",3,21193,6.3
-15,-10,"workday",8,41849,6.3
-10,-5,"workday",15,66858,8.2
-5,0,"workday",19,83523,9.2
0,5,"workday",14,119603,11.2
5,10,"workday",17,149223,14.9
10,15,"workday",15,157510,15.1
15,20,"workday",14,168179,16
20,25,"workday",27,181466,17.9
25,30,"workday",18,173666,18.3
30,35,"workday",2,158156,17.9
35,40,"workday",4,166531,17
